Time,Header.seq,Header.stamp.secs,Header.stamp.nsecs,Header.frame_id,Latitude,Longitude,Altitude,HDOP,UTC,UTM_easting,UTM_northing,Zone,Letter
1675987911.0132225,9,710,0,GPS1_Frame,42.338775634765625,-71.08814239501953,0.0,0.0,0:11:50,327981.90625,4689503.0,19.0,T
1675987911.2895086,10,711,0,GPS1_Frame,42.338775634765625,-71.08814239501953,9.699999809265137,2.299999952316284,0:11:51,327981.90625,4689503.0,19.0,T
1675987911.5642827,11,711,0,GPS1_Frame,42.338775634765625,-71.08814239501953,0.0,0.0,0:11:51,327981.90625,4689503.0,19.0,T
1675987912.2889864,12,712,0,GPS1_Frame,42.338775634765625,-71.08814239501953,9.699999809265137,2.299999952316284,0:11:52,327981.90625,4689503.0,19.0,T
1675987912.5641897,13,712,0,GPS1_Frame,42.338775634765625,-71.08814239501953,0.0,0.0,0:11:52,327981.90625,4689503.0,19.0,T
1675987913.288204,14,713,0,GPS1_Frame,42.338775634765625,-71.08814239501953,9.699999809265137,2.299999952316284,0:11:53,327981.90625,4689503.0,19.0,T
1675987913.5629425,15,713,0,GPS1_Frame,42.338775634765625,-71.08814239501953,0.0,0.0,0:11:53,327981.90625,4689503.0,19.0,T
1675987914.2897847,16,714,0,GPS1_Frame,42.338775634765625,-71.08814239501953,9.699999809265137,2.299999952316284,0:11:54,327981.90625,4689503.0,19.0,T
1675987914.5647807,17,714,0,GPS1_Frame,42.338775634765625,-71.08814239501953,0.0,0.0,0:11:54,327981.90625,4689503.0,19.0,T
1675987915.290098,18,715,0,GPS1_Frame,42.338775634765625,-71.08814239501953,9.699999809265137,2.299999952316284,0:11:55,327981.90625,4689503.0,19.0,T
1675987916.014261,19,715,0,GPS1_Frame,42.338775634765625,-71.08814239501953,0.0,0.0,0:11:55,327981.90625,4689503.0,19.0,T
1675987916.288063,20,716,0,GPS1_Frame,42.338775634765625,-71.08814239501953,9.800000190734863,2.299999952316284,0:11:56,327981.78125,4689503.0,19.0,T
1675987916.562583,21,716,0,GPS1_Frame,42.338775634765625,-71.08814239501953,0.0,0.0,0:11:56,327981.78125,4689503.0,19.0,T
1675987917.2899022,22,717,0,GPS1_Frame,42.338775634765625,-71.08815002441406,10.100000381469727,2.299999952316284,0:11:57,327981.21875,4689503.0,19.0,T
1675987917.565227,23,717,0,GPS1_Frame,42.338775634765625,-71.08815002441406,0.0,0.0,0:11:57,327981.21875,4689503.0,19.0,T
1675987918.307004,24,718,0,GPS1_Frame,42.33877182006836,-71.0881576538086,10.300000190734863,2.299999952316284,0:11:58,327980.40625,4689502.5,19.0,T
1675987918.584266,25,718,0,GPS1_Frame,42.33877182006836,-71.0881576538086,0.0,0.0,0:11:58,327980.40625,4689502.5,19.0,T
1675987919.2912376,26,719,0,GPS1_Frame,42.33877182006836,-71.08816528320312,10.399999618530273,2.299999952316284,0:11:59,327979.5625,4689502.5,19.0,T
1675987919.5686672,27,719,0,GPS1_Frame,42.33877182006836,-71.08816528320312,0.0,0.0,0:11:59,327979.5625,4689502.5,19.0,T
1675987920.3069103,28,720,0,GPS1_Frame,42.338768005371094,-71.08818054199219,10.399999618530273,2.299999952316284,0:12:0,327978.46875,4689502.0,19.0,T
1675987921.0336947,29,720,0,GPS1_Frame,42.338768005371094,-71.08818054199219,0.0,0.0,0:12:0,327978.46875,4689502.0,19.0,T
1675987921.3072956,30,721,0,GPS1_Frame,42.33876419067383,-71.08819580078125,10.399999618530273,2.299999952316284,0:12:1,327977.34375,4689501.5,19.0,T
1675987921.584868,31,721,0,GPS1_Frame,42.33876419067383,-71.08819580078125,0.0,0.0,0:12:1,327977.34375,4689501.5,19.0,T
1675987922.2911918,32,722,0,GPS1_Frame,42.33876419067383,-71.08821105957031,10.600000381469727,2.299999952316284,0:12:2,327976.125,4689502.0,19.0,T
1675987922.5685003,33,722,0,GPS1_Frame,42.33876419067383,-71.08821105957031,0.0,0.0,0:12:2,327976.125,4689502.0,19.0,T
1675987923.3081927,34,723,0,GPS1_Frame,42.33876419067383,-71.08822631835938,10.699999809265137,2.299999952316284,0:12:3,327974.75,4689502.0,19.0,T
1675987923.585559,35,723,0,GPS1_Frame,42.33876419067383,-71.08822631835938,0.0,0.0,0:12:3,327974.75,4689502.0,19.0,T
1675987924.2905724,36,724,0,GPS1_Frame,42.338768005371094,-71.08824157714844,10.899999618530273,2.299999952316284,0:12:4,327973.25,4689502.5,19.0,T
1675987924.567487,37,724,0,GPS1_Frame,42.338768005371094,-71.08824157714844,0.0,0.0,0:12:4,327973.25,4689502.5,19.0,T
1675987925.2925816,38,725,0,GPS1_Frame,42.33877182006836,-71.08826446533203,11.0,2.299999952316284,0:12:5,327971.875,4689502.5,19.0,T
1675987926.0144427,39,725,0,GPS1_Frame,42.33877182006836,-71.08826446533203,0.0,0.0,0:12:5,327971.875,4689502.5,19.0,T
1675987926.2908494,40,726,0,GPS1_Frame,42.33877182006836,-71.0882797241211,11.199999809265137,2.299999952316284,0:12:6,327970.65625,4689502.5,19.0,T
1675987926.568187,41,726,0,GPS1_Frame,42.33877182006836,-71.0882797241211,0.0,0.0,0:12:6,327970.65625,4689502.5,19.0,T
1675987927.2936532,42,727,0,GPS1_Frame,42.33877182006836,-71.08829498291016,11.399999618530273,2.299999952316284,0:12:7,327969.125,4689503.0,19.0,T
1675987927.5705664,43,727,0,GPS1_Frame,42.33877182006836,-71.08829498291016,0.0,0.0,0:12:7,327969.125,4689503.0,19.0,T
1675987928.2922118,44,728,0,GPS1_Frame,42.33877182006836,-71.08831024169922,11.600000381469727,2.299999952316284,0:12:8,327967.75,4689503.0,19.0,T
1675987928.5695415,45,728,0,GPS1_Frame,42.33877182006836,-71.08831024169922,0.0,0.0,0:12:8,327967.75,4689503.0,19.0,T
1675987929.2922108,46,729,0,GPS1_Frame,42.33877182006836,-71.08833312988281,11.800000190734863,2.299999952316284,0:12:9,327966.25,4689503.0,19.0,T
1675987929.5694466,47,729,0,GPS1_Frame,42.33877182006836,-71.08833312988281,0.0,0.0,0:12:9,327966.25,4689503.0,19.0,T
1675987930.3087795,48,730,0,GPS1_Frame,42.33877182006836,-71.08834838867188,12.100000381469727,2.299999952316284,0:12:10,327964.875,4689502.5,19.0,T
1675987931.0397043,49,730,0,GPS1_Frame,42.33877182006836,-71.08834838867188,0.0,0.0,0:12:10,327964.875,4689502.5,19.0,T
1675987931.3149147,50,731,0,GPS1_Frame,42.33877182006836,-71.08836364746094,12.199999809265137,2.299999952316284,0:12:11,327963.5,4689502.5,19.0,T
1675987931.5922937,51,731,0,GPS1_Frame,42.33877182006836,-71.08836364746094,0.0,0.0,0:12:11,327963.5,4689502.5,19.0,T
1675987932.3097773,52,732,0,GPS1_Frame,42.33877182006836,-71.08837890625,12.5,2.299999952316284,0:12:12,327962.0,4689503.0,19.0,T
1675987932.587186,53,732,0,GPS1_Frame,42.33877182006836,-71.08837890625,0.0,0.0,0:12:12,327962.0,4689503.0,19.0,T
1675987933.3109467,54,733,0,GPS1_Frame,42.338768005371094,-71.0884017944336,12.600000381469727,2.299999952316284,0:12:13,327960.625,4689502.5,19.0,T
1675987933.587857,55,733,0,GPS1_Frame,42.338768005371094,-71.0884017944336,0.0,0.0,0:12:13,327960.625,4689502.5,19.0,T
1675987934.2964602,56,734,0,GPS1_Frame,42.33877182006836,-71.08841705322266,13.100000381469727,1.899999976158142,0:12:14,327959.09375,4689503.0,19.0,T
1675987934.5783267,57,734,0,GPS1_Frame,42.33877182006836,-71.08841705322266,0.0,0.0,0:12:14,327959.09375,4689503.0,19.0,T
1675987935.2957642,58,735,0,GPS1_Frame,42.33877182006836,-71.08843231201172,13.600000381469727,1.899999976158142,0:12:15,327957.59375,4689503.0,19.0,T
1675987936.0404227,59,735,0,GPS1_Frame,42.33877182006836,-71.08843231201172,0.0,0.0,0:12:15,327957.59375,4689503.0,19.0,T
1675987936.2951565,60,736,0,GPS1_Frame,42.33877182006836,-71.08845520019531,13.800000190734863,1.899999976158142,0:12:16,327956.09375,4689503.0,19.0,T
1675987936.5771134,61,736,0,GPS1_Frame,42.33877182006836,-71.08845520019531,0.0,0.0,0:12:16,327956.09375,4689503.0,19.0,T
1675987937.2952797,62,737,0,GPS1_Frame,42.338768005371094,-71.08847045898438,14.199999809265137,1.899999976158142,0:12:17,327954.6875,4689502.5,19.0,T
1675987937.5770228,63,737,0,GPS1_Frame,42.338768005371094,-71.08847045898438,0.0,0.0,0:12:17,327954.6875,4689502.5,19.0,T
1675987938.2956493,64,738,0,GPS1_Frame,42.33876037597656,-71.08848571777344,14.600000381469727,1.899999976158142,0:12:18,327953.1875,4689502.0,19.0,T
1675987938.5774813,65,738,0,GPS1_Frame,42.33876037597656,-71.08848571777344,0.0,0.0,0:12:18,327953.1875,4689502.0,19.0,T
1675987939.295952,66,739,0,GPS1_Frame,42.33876037597656,-71.08850860595703,15.300000190734863,1.899999976158142,0:12:19,327951.8125,4689502.0,19.0,T
1675987939.5776513,67,739,0,GPS1_Frame,42.33876037597656,-71.08850860595703,0.0,0.0,0:12:19,327951.8125,4689502.0,19.0,T
1675987940.3110645,68,740,0,GPS1_Frame,42.33876037597656,-71.0885238647461,15.899999618530273,1.899999976158142,0:12:20,327950.4375,4689502.0,19.0,T
1675987941.0512774,69,740,0,GPS1_Frame,42.33876037597656,-71.0885238647461,0.0,0.0,0:12:20,327950.4375,4689502.0,19.0,T
1675987941.2949457,70,741,0,GPS1_Frame,42.33875274658203,-71.08853912353516,15.800000190734863,1.899999976158142,0:12:21,327949.03125,4689501.0,19.0,T
1675987941.5765328,71,741,0,GPS1_Frame,42.33875274658203,-71.08853912353516,0.0,0.0,0:12:21,327949.03125,4689501.0,19.0,T
1675987942.3119674,72,742,0,GPS1_Frame,42.338722229003906,-71.08854675292969,14.600000381469727,1.899999976158142,0:12:22,327948.25,4689497.5,19.0,T
1675987942.5942497,73,742,0,GPS1_Frame,42.338722229003906,-71.08854675292969,0.0,0.0,0:12:22,327948.25,4689497.5,19.0,T
1675987943.2962945,74,743,0,GPS1_Frame,42.33870315551758,-71.08856201171875,14.0,1.899999976158142,0:12:23,327947.125,4689495.5,19.0,T
1675987943.5777924,75,743,0,GPS1_Frame,42.33870315551758,-71.08856201171875,0.0,0.0,0:12:23,327947.125,4689495.5,19.0,T
1675987944.29505,76,744,0,GPS1_Frame,42.33869171142578,-71.08857727050781,13.600000381469727,1.899999976158142,0:12:24,327945.84375,4689494.5,19.0,T
1675987944.577094,77,744,0,GPS1_Frame,42.33869171142578,-71.08857727050781,0.0,0.0,0:12:24,327945.84375,4689494.5,19.0,T
1675987945.2954595,78,745,0,GPS1_Frame,42.33867645263672,-71.08859252929688,13.5,1.899999976158142,0:12:25,327944.4375,4689493.0,19.0,T
1675987946.036174,79,745,0,GPS1_Frame,42.33867645263672,-71.08859252929688,0.0,0.0,0:12:25,327944.4375,4689493.0,19.0,T
1675987946.295205,80,746,0,GPS1_Frame,42.33866882324219,-71.08860778808594,13.300000190734863,1.899999976158142,0:12:26,327942.90625,4689492.0,19.0,T
1675987946.5769715,81,746,0,GPS1_Frame,42.33866882324219,-71.08860778808594,0.0,0.0,0:12:26,327942.90625,4689492.0,19.0,T
1675987947.2947578,82,747,0,GPS1_Frame,42.338661193847656,-71.088623046875,13.199999809265137,1.899999976158142,0:12:27,327941.5,4689491.0,19.0,T
1675987947.5768855,83,747,0,GPS1_Frame,42.338661193847656,-71.088623046875,0.0,0.0,0:12:27,327941.5,4689491.0,19.0,T
1675987948.2955685,84,748,0,GPS1_Frame,42.338653564453125,-71.0886459350586,13.199999809265137,1.899999976158142,0:12:28,327939.96875,4689490.0,19.0,T
1675987948.5771978,85,748,0,GPS1_Frame,42.338653564453125,-71.0886459350586,0.0,0.0,0:12:28,327939.96875,4689490.0,19.0,T
1675987949.2953959,86,749,0,GPS1_Frame,42.33864212036133,-71.08866119384766,13.199999809265137,1.899999976158142,0:12:29,327938.4375,4689489.5,19.0,T
1675987949.577435,87,749,0,GPS1_Frame,42.33864212036133,-71.08866119384766,0.0,0.0,0:12:29,327938.4375,4689489.5,19.0,T
1675987950.2952976,88,750,0,GPS1_Frame,42.33863830566406,-71.08867645263672,13.199999809265137,1.899999976158142,0:12:30,327937.0625,4689488.5,19.0,T
1675987951.035195,89,750,0,GPS1_Frame,42.33863830566406,-71.08867645263672,0.0,0.0,0:12:30,327937.0625,4689488.5,19.0,T
1675987951.296045,90,751,0,GPS1_Frame,42.33863067626953,-71.08869934082031,13.300000190734863,1.899999976158142,0:12:31,327935.53125,4689488.0,19.0,T
1675987951.5778544,91,751,0,GPS1_Frame,42.33863067626953,-71.08869934082031,0.0,0.0,0:12:31,327935.53125,4689488.0,19.0,T
1675987952.2923126,92,752,0,GPS1_Frame,42.338623046875,-71.08871459960938,13.699999809265137,2.299999952316284,0:12:32,327934.125,4689487.0,19.0,T
1675987952.569437,93,752,0,GPS1_Frame,42.338623046875,-71.08871459960938,0.0,0.0,0:12:32,327934.125,4689487.0,19.0,T
1675987953.2966125,94,753,0,GPS1_Frame,42.338619232177734,-71.08872985839844,13.899999618530273,2.299999952316284,0:12:33,327932.59375,4689486.5,19.0,T
1675987953.5739822,95,753,0,GPS1_Frame,42.338619232177734,-71.08872985839844,0.0,0.0,0:12:33,327932.59375,4689486.5,19.0,T
1675987954.2912955,96,754,0,GPS1_Frame,42.3386116027832,-71.08875274658203,14.300000190734863,2.299999952316284,0:12:34,327931.21875,4689486.0,19.0,T
1675987954.568723,97,754,0,GPS1_Frame,42.3386116027832,-71.08875274658203,0.0,0.0,0:12:34,327931.21875,4689486.0,19.0,T
1675987955.2925773,98,755,0,GPS1_Frame,42.33860778808594,-71.0887680053711,14.5,2.299999952316284,0:12:35,327929.6875,4689485.5,19.0,T
1675987956.0237896,99,755,0,GPS1_Frame,42.33860778808594,-71.0887680053711,0.0,0.0,0:12:35,327929.6875,4689485.5,19.0,T
1675987956.292577,100,756,0,GPS1_Frame,42.33860397338867,-71.08878326416016,14.800000190734863,2.299999952316284,0:12:36,327928.3125,4689485.0,19.0,T
1675987956.569966,101,756,0,GPS1_Frame,42.33860397338867,-71.08878326416016,0.0,0.0,0:12:36,327928.3125,4689485.0,19.0,T
1675987957.293895,102,757,0,GPS1_Frame,42.338600158691406,-71.08880615234375,15.100000381469727,2.299999952316284,0:12:37,327926.78125,4689485.0,19.0,T
1675987957.571729,103,757,0,GPS1_Frame,42.338600158691406,-71.08880615234375,0.0,0.0,0:12:37,327926.78125,4689485.0,19.0,T
1675987958.2945025,104,758,0,GPS1_Frame,42.33859634399414,-71.08882141113281,15.399999618530273,2.299999952316284,0:12:38,327925.40625,4689484.5,19.0,T
1675987958.571491,105,758,0,GPS1_Frame,42.33859634399414,-71.08882141113281,0.0,0.0,0:12:38,327925.40625,4689484.5,19.0,T
1675987959.2947083,106,759,0,GPS1_Frame,42.33858871459961,-71.08883666992188,15.800000190734863,2.299999952316284,0:12:39,327924.0,4689483.5,19.0,T
1675987959.5714643,107,759,0,GPS1_Frame,42.33858871459961,-71.08883666992188,0.0,0.0,0:12:39,327924.0,4689483.5,19.0,T
1675987960.293351,108,760,0,GPS1_Frame,42.338584899902344,-71.08885192871094,15.899999618530273,2.299999952316284,0:12:40,327922.625,4689483.0,19.0,T
1675987961.0243795,109,760,0,GPS1_Frame,42.338584899902344,-71.08885192871094,0.0,0.0,0:12:40,327922.625,4689483.0,19.0,T
1675987961.2977931,110,761,0,GPS1_Frame,42.33858108520508,-71.08887481689453,16.0,2.299999952316284,0:12:41,327921.09375,4689482.5,19.0,T
1675987961.575633,111,761,0,GPS1_Frame,42.33858108520508,-71.08887481689453,0.0,0.0,0:12:41,327921.09375,4689482.5,19.0,T
1675987962.2926695,112,762,0,GPS1_Frame,42.33857345581055,-71.0888900756836,16.100000381469727,2.299999952316284,0:12:42,327919.71875,4689482.0,19.0,T
1675987962.570032,113,762,0,GPS1_Frame,42.33857345581055,-71.0888900756836,0.0,0.0,0:12:42,327919.71875,4689482.0,19.0,T
1675987963.298667,114,763,0,GPS1_Frame,42.33857345581055,-71.08890533447266,16.299999237060547,2.299999952316284,0:12:43,327918.34375,4689482.0,19.0,T
1675987963.575314,115,763,0,GPS1_Frame,42.33857345581055,-71.08890533447266,0.0,0.0,0:12:43,327918.34375,4689482.0,19.0,T
1675987964.2924864,116,764,0,GPS1_Frame,42.33856964111328,-71.08892059326172,16.700000762939453,2.299999952316284,0:12:44,327917.09375,4689481.5,19.0,T
1675987964.570012,117,764,0,GPS1_Frame,42.33856964111328,-71.08892059326172,0.0,0.0,0:12:44,327917.09375,4689481.5,19.0,T
1675987965.2929077,118,765,0,GPS1_Frame,42.33856201171875,-71.08893585205078,17.100000381469727,2.299999952316284,0:12:45,327915.84375,4689481.0,19.0,T
1675987966.0241668,119,765,0,GPS1_Frame,42.33856201171875,-71.08893585205078,0.0,0.0,0:12:45,327915.84375,4689481.0,19.0,T
1675987966.293376,120,766,0,GPS1_Frame,42.338558197021484,-71.08895111083984,17.399999618530273,2.299999952316284,0:12:46,327914.59375,4689480.5,19.0,T
1675987966.5705216,121,766,0,GPS1_Frame,42.338558197021484,-71.08895111083984,0.0,0.0,0:12:46,327914.59375,4689480.5,19.0,T
1675987967.2938278,122,767,0,GPS1_Frame,42.33855438232422,-71.0889663696289,17.700000762939453,2.299999952316284,0:12:47,327913.46875,4689480.0,19.0,T
1675987967.570723,123,767,0,GPS1_Frame,42.33855438232422,-71.0889663696289,0.0,0.0,0:12:47,327913.46875,4689480.0,19.0,T
1675987968.2954264,124,768,0,GPS1_Frame,42.33855056762695,-71.08898162841797,18.0,1.899999976158142,0:12:48,327912.21875,4689479.5,19.0,T
1675987968.5772688,125,768,0,GPS1_Frame,42.33855056762695,-71.08898162841797,0.0,0.0,0:12:48,327912.21875,4689479.5,19.0,T
1675987969.3121145,126,769,0,GPS1_Frame,42.33854675292969,-71.0889892578125,18.200000762939453,1.899999976158142,0:12:49,327911.40625,4689479.0,19.0,T
1675987969.5938554,127,769,0,GPS1_Frame,42.33854675292969,-71.0889892578125,0.0,0.0,0:12:49,327911.40625,4689479.0,19.0,T
1675987970.2952762,128,770,0,GPS1_Frame,42.33854293823242,-71.08900451660156,18.299999237060547,1.899999976158142,0:12:50,327910.28125,4689478.5,19.0,T
1675987971.030896,129,770,0,GPS1_Frame,42.33854293823242,-71.08900451660156,0.0,0.0,0:12:50,327910.28125,4689478.5,19.0,T
1675987971.3121014,130,771,0,GPS1_Frame,42.33853530883789,-71.0890121459961,18.600000381469727,1.899999976158142,0:12:51,327909.1875,4689478.0,19.0,T
1675987971.594177,131,771,0,GPS1_Frame,42.33853530883789,-71.0890121459961,0.0,0.0,0:12:51,327909.1875,4689478.0,19.0,T
1675987972.3112025,132,772,0,GPS1_Frame,42.338531494140625,-71.08902740478516,18.799999237060547,1.899999976158142,0:12:52,327907.9375,4689477.5,19.0,T
1675987972.592663,133,772,0,GPS1_Frame,42.338531494140625,-71.08902740478516,0.0,0.0,0:12:52,327907.9375,4689477.5,19.0,T
1675987973.311265,134,773,0,GPS1_Frame,42.338523864746094,-71.08904266357422,19.100000381469727,1.899999976158142,0:12:53,327906.8125,4689477.0,19.0,T
1675987973.5925999,135,773,0,GPS1_Frame,42.338523864746094,-71.08904266357422,0.0,0.0,0:12:53,327906.8125,4689477.0,19.0,T
1675987974.2935855,136,774,0,GPS1_Frame,42.33852005004883,-71.08905792236328,19.299999237060547,2.299999952316284,0:12:54,327905.84375,4689476.5,19.0,T
1675987974.5709453,137,774,0,GPS1_Frame,42.33852005004883,-71.08905792236328,0.0,0.0,0:12:54,327905.84375,4689476.5,19.0,T
1675987975.2942216,138,775,0,GPS1_Frame,42.33851623535156,-71.08906555175781,19.600000381469727,2.299999952316284,0:12:55,327904.875,4689476.0,19.0,T
1675987976.0252059,139,775,0,GPS1_Frame,42.33851623535156,-71.08906555175781,0.0,0.0,0:12:55,327904.875,4689476.0,19.0,T
1675987976.2935302,140,776,0,GPS1_Frame,42.33850860595703,-71.08907318115234,19.600000381469727,2.299999952316284,0:12:56,327904.03125,4689475.0,19.0,T
1675987976.5711098,141,776,0,GPS1_Frame,42.33850860595703,-71.08907318115234,0.0,0.0,0:12:56,327904.03125,4689475.0,19.0,T
1675987977.2938974,142,777,0,GPS1_Frame,42.3385009765625,-71.0890884399414,19.399999618530273,2.299999952316284,0:12:57,327903.03125,4689474.5,19.0,T
1675987977.5711331,143,777,0,GPS1_Frame,42.3385009765625,-71.0890884399414,0.0,0.0,0:12:57,327903.03125,4689474.5,19.0,T
1675987978.2942271,144,778,0,GPS1_Frame,42.33849334716797,-71.08910369873047,19.299999237060547,2.299999952316284,0:12:58,327902.0625,4689473.5,19.0,T
1675987978.5717778,145,778,0,GPS1_Frame,42.33849334716797,-71.08910369873047,0.0,0.0,0:12:58,327902.0625,4689473.5,19.0,T
1675987979.2937279,146,779,0,GPS1_Frame,42.33848190307617,-71.089111328125,19.200000762939453,2.299999952316284,0:12:59,327901.0625,4689472.5,19.0,T
1675987979.570978,147,779,0,GPS1_Frame,42.33848190307617,-71.089111328125,0.0,0.0,0:12:59,327901.0625,4689472.5,19.0,T
1675987980.2940848,148,780,0,GPS1_Frame,42.33847427368164,-71.08912658691406,19.200000762939453,2.299999952316284,0:13:0,327900.0625,4689471.5,19.0,T
1675987981.0253286,149,780,0,GPS1_Frame,42.33847427368164,-71.08912658691406,0.0,0.0,0:13:0,327900.0625,4689471.5,19.0,T
1675987981.311847,150,781,0,GPS1_Frame,42.33845901489258,-71.0891342163086,19.100000381469727,2.299999952316284,0:13:1,327899.34375,4689470.0,19.0,T
1675987981.5888658,151,781,0,GPS1_Frame,42.33845901489258,-71.0891342163086,0.0,0.0,0:13:1,327899.34375,4689470.0,19.0,T
1675987982.3103914,152,782,0,GPS1_Frame,42.33844757080078,-71.08914184570312,18.899999618530273,2.299999952316284,0:13:2,327898.5,4689468.5,19.0,T
1675987982.5881152,153,782,0,GPS1_Frame,42.33844757080078,-71.08914184570312,0.0,0.0,0:13:2,327898.5,4689468.5,19.0,T
1675987983.3101232,154,783,0,GPS1_Frame,42.338436126708984,-71.08914947509766,18.700000762939453,2.299999952316284,0:13:3,327897.625,4689467.0,19.0,T
1675987983.58747,155,783,0,GPS1_Frame,42.338436126708984,-71.08914947509766,0.0,0.0,0:13:3,327897.625,4689467.0,19.0,T
1675987984.3102233,156,784,0,GPS1_Frame,42.33842849731445,-71.08916473388672,18.5,2.299999952316284,0:13:4,327896.375,4689466.5,19.0,T
1675987984.5871954,157,784,0,GPS1_Frame,42.33842849731445,-71.08916473388672,0.0,0.0,0:13:4,327896.375,4689466.5,19.0,T
1675987985.294776,158,785,0,GPS1_Frame,42.33842468261719,-71.08917999267578,18.299999237060547,2.299999952316284,0:13:5,327895.0,4689466.0,19.0,T
1675987986.0261464,159,785,0,GPS1_Frame,42.33842468261719,-71.08917999267578,0.0,0.0,0:13:5,327895.0,4689466.0,19.0,T
1675987986.2943153,160,786,0,GPS1_Frame,42.338417053222656,-71.08919525146484,18.100000381469727,2.299999952316284,0:13:6,327893.75,4689465.5,19.0,T
1675987986.5718076,161,786,0,GPS1_Frame,42.338417053222656,-71.08919525146484,0.0,0.0,0:13:6,327893.75,4689465.5,19.0,T
1675987987.2942212,162,787,0,GPS1_Frame,42.33841323852539,-71.0892105102539,18.0,2.299999952316284,0:13:7,327892.5,4689464.5,19.0,T
1675987987.571683,163,787,0,GPS1_Frame,42.33841323852539,-71.0892105102539,0.0,0.0,0:13:7,327892.5,4689464.5,19.0,T
1675987988.2938383,164,788,0,GPS1_Frame,42.33840560913086,-71.08922576904297,18.0,2.299999952316284,0:13:8,327891.25,4689464.0,19.0,T
1675987988.5715513,165,788,0,GPS1_Frame,42.33840560913086,-71.08922576904297,0.0,0.0,0:13:8,327891.25,4689464.0,19.0,T
1675987989.3008926,166,789,0,GPS1_Frame,42.33839797973633,-71.08924102783203,18.100000381469727,2.299999952316284,0:13:9,327889.96875,4689463.0,19.0,T
1675987989.578337,167,789,0,GPS1_Frame,42.33839797973633,-71.08924102783203,0.0,0.0,0:13:9,327889.96875,4689463.0,19.0,T
1675987990.3111603,168,790,0,GPS1_Frame,42.3383903503418,-71.0892562866211,17.899999618530273,2.299999952316284,0:13:10,327888.71875,4689462.5,19.0,T
1675987991.0465133,169,790,0,GPS1_Frame,42.3383903503418,-71.0892562866211,0.0,0.0,0:13:10,327888.71875,4689462.5,19.0,T
1675987991.294299,170,791,0,GPS1_Frame,42.33838653564453,-71.08927154541016,17.799999237060547,2.299999952316284,0:13:11,327887.46875,4689462.0,19.0,T
1675987991.571894,171,791,0,GPS1_Frame,42.33838653564453,-71.08927154541016,0.0,0.0,0:13:11,327887.46875,4689462.0,19.0,T
1675987992.2939212,172,792,0,GPS1_Frame,42.33837890625,-71.08928680419922,17.799999237060547,2.299999952316284,0:13:12,327886.09375,4689461.5,19.0,T
1675987992.570909,173,792,0,GPS1_Frame,42.33837890625,-71.08928680419922,0.0,0.0,0:13:12,327886.09375,4689461.5,19.0,T
1675987993.311048,174,793,0,GPS1_Frame,42.338375091552734,-71.08930206298828,17.600000381469727,2.299999952316284,0:13:13,327884.84375,4689461.0,19.0,T
1675987993.588483,175,793,0,GPS1_Frame,42.338375091552734,-71.08930206298828,0.0,0.0,0:13:13,327884.84375,4689461.0,19.0,T
1675987994.2951052,176,794,0,GPS1_Frame,42.338375091552734,-71.08932495117188,17.600000381469727,2.299999952316284,0:13:14,327883.46875,4689460.5,19.0,T
1675987994.5722225,177,794,0,GPS1_Frame,42.338375091552734,-71.08932495117188,0.0,0.0,0:13:14,327883.46875,4689460.5,19.0,T
1675987995.2946086,178,795,0,GPS1_Frame,42.3383674621582,-71.0893325805664,17.700000762939453,2.299999952316284,0:13:15,327882.34375,4689460.0,19.0,T
1675987996.0256007,179,795,0,GPS1_Frame,42.3383674621582,-71.0893325805664,0.0,0.0,0:13:15,327882.34375,4689460.0,19.0,T
1675987996.2946732,180,796,0,GPS1_Frame,42.33836364746094,-71.08934783935547,17.899999618530273,2.299999952316284,0:13:16,327881.09375,4689459.5,19.0,T
1675987996.5715637,181,796,0,GPS1_Frame,42.33836364746094,-71.08934783935547,0.0,0.0,0:13:16,327881.09375,4689459.5,19.0,T
1675987997.294664,182,797,0,GPS1_Frame,42.33835983276367,-71.08936309814453,17.799999237060547,2.299999952316284,0:13:17,327879.84375,4689459.0,19.0,T
1675987997.5717392,183,797,0,GPS1_Frame,42.33835983276367,-71.08936309814453,0.0,0.0,0:13:17,327879.84375,4689459.0,19.0,T
1675987998.2950597,184,798,0,GPS1_Frame,42.33835220336914,-71.0893783569336,17.799999237060547,2.299999952316284,0:13:18,327878.59375,4689458.5,19.0,T
1675987998.5725708,185,798,0,GPS1_Frame,42.33835220336914,-71.0893783569336,0.0,0.0,0:13:18,327878.59375,4689458.5,19.0,T
1675987999.2955673,186,799,0,GPS1_Frame,42.338348388671875,-71.08939361572266,17.899999618530273,2.299999952316284,0:13:19,327877.34375,4689458.0,19.0,T
1675987999.5728755,187,799,0,GPS1_Frame,42.338348388671875,-71.08939361572266,0.0,0.0,0:13:19,327877.34375,4689458.0,19.0,T
1675988000.2948792,188,800,0,GPS1_Frame,42.33834457397461,-71.08940887451172,17.899999618530273,2.299999952316284,0:13:20,327875.96875,4689457.5,19.0,T
1675988001.030643,189,800,0,GPS1_Frame,42.33834457397461,-71.08940887451172,0.0,0.0,0:13:20,327875.96875,4689457.5,19.0,T
1675988001.2945662,190,801,0,GPS1_Frame,42.338340759277344,-71.08943176269531,18.0,2.299999952316284,0:13:21,327874.59375,4689457.5,19.0,T
1675988001.572021,191,801,0,GPS1_Frame,42.338340759277344,-71.08943176269531,0.0,0.0,0:13:21,327874.59375,4689457.5,19.0,T
1675988002.2963233,192,802,0,GPS1_Frame,42.33833694458008,-71.08944702148438,18.0,2.299999952316284,0:13:22,327873.21875,4689457.0,19.0,T
1675988002.5731878,193,802,0,GPS1_Frame,42.33833694458008,-71.08944702148438,0.0,0.0,0:13:22,327873.21875,4689457.0,19.0,T
1675988003.2949314,194,803,0,GPS1_Frame,42.33833312988281,-71.08946228027344,18.0,2.299999952316284,0:13:23,327871.8125,4689456.5,19.0,T
1675988003.5721793,195,803,0,GPS1_Frame,42.33833312988281,-71.08946228027344,0.0,0.0,0:13:23,327871.8125,4689456.5,19.0,T
1675988004.2949934,196,804,0,GPS1_Frame,42.33833312988281,-71.0894775390625,18.200000762939453,2.299999952316284,0:13:24,327870.3125,4689456.5,19.0,T
1675988004.5723996,197,804,0,GPS1_Frame,42.33833312988281,-71.0894775390625,0.0,0.0,0:13:24,327870.3125,4689456.5,19.0,T
1675988005.2954717,198,805,0,GPS1_Frame,42.33832931518555,-71.0895004272461,18.200000762939453,2.299999952316284,0:13:25,327868.9375,4689456.0,19.0,T
1675988006.0265362,199,805,0,GPS1_Frame,42.33832931518555,-71.0895004272461,0.0,0.0,0:13:25,327868.9375,4689456.0,19.0,T
1675988006.2955,200,806,0,GPS1_Frame,42.33832550048828,-71.08951568603516,18.299999237060547,2.299999952316284,0:13:26,327867.40625,4689456.0,19.0,T
1675988006.572444,201,806,0,GPS1_Frame,42.33832550048828,-71.08951568603516,0.0,0.0,0:13:26,327867.40625,4689456.0,19.0,T
1675988007.2954447,202,807,0,GPS1_Frame,42.338321685791016,-71.08953094482422,18.299999237060547,2.299999952316284,0:13:27,327866.03125,4689455.5,19.0,T
1675988007.5725994,203,807,0,GPS1_Frame,42.338321685791016,-71.08953094482422,0.0,0.0,0:13:27,327866.03125,4689455.5,19.0,T
1675988008.2947934,204,808,0,GPS1_Frame,42.33831787109375,-71.08954620361328,18.399999618530273,2.299999952316284,0:13:28,327864.625,4689455.0,19.0,T
1675988008.571809,205,808,0,GPS1_Frame,42.33831787109375,-71.08954620361328,0.0,0.0,0:13:28,327864.625,4689455.0,19.0,T
1675988009.2956243,206,809,0,GPS1_Frame,42.338314056396484,-71.08956909179688,18.399999618530273,2.299999952316284,0:13:29,327863.125,4689454.5,19.0,T
1675988009.5720518,207,809,0,GPS1_Frame,42.338314056396484,-71.08956909179688,0.0,0.0,0:13:29,327863.125,4689454.5,19.0,T
1675988010.2963686,208,810,0,GPS1_Frame,42.33831024169922,-71.08958435058594,18.600000381469727,2.299999952316284,0:13:30,327861.59375,4689454.0,19.0,T
1675988011.031144,209,810,0,GPS1_Frame,42.33831024169922,-71.08958435058594,0.0,0.0,0:13:30,327861.59375,4689454.0,19.0,T
1675988011.2972715,210,811,0,GPS1_Frame,42.33830642700195,-71.089599609375,18.899999618530273,2.299999952316284,0:13:31,327860.09375,4689454.0,19.0,T
1675988011.5748758,211,811,0,GPS1_Frame,42.33830642700195,-71.089599609375,0.0,0.0,0:13:31,327860.09375,4689454.0,19.0,T
1675988012.2951446,212,812,0,GPS1_Frame,42.33830642700195,-71.0896224975586,19.200000762939453,2.299999952316284,0:13:32,327858.5625,4689454.0,19.0,T
1675988012.5720172,213,812,0,GPS1_Frame,42.33830642700195,-71.0896224975586,0.0,0.0,0:13:32,327858.5625,4689454.0,19.0,T
1675988013.295588,214,813,0,GPS1_Frame,42.33830642700195,-71.08963775634766,19.700000762939453,2.299999952316284,0:13:33,327857.0625,4689453.5,19.0,T
1675988013.5729938,215,813,0,GPS1_Frame,42.33830642700195,-71.08963775634766,0.0,0.0,0:13:33,327857.0625,4689453.5,19.0,T
1675988014.2962599,216,814,0,GPS1_Frame,42.33830261230469,-71.08965301513672,20.0,2.299999952316284,0:13:34,327855.6875,4689453.5,19.0,T
1675988014.5728395,217,814,0,GPS1_Frame,42.33830261230469,-71.08965301513672,0.0,0.0,0:13:34,327855.6875,4689453.5,19.0,T
1675988015.296397,218,815,0,GPS1_Frame,42.33830261230469,-71.08967590332031,20.299999237060547,2.299999952316284,0:13:35,327854.15625,4689453.5,19.0,T
1675988016.0276496,219,815,0,GPS1_Frame,42.33830261230469,-71.08967590332031,0.0,0.0,0:13:35,327854.15625,4689453.5,19.0,T
1675988016.2954752,220,816,0,GPS1_Frame,42.33829879760742,-71.08969116210938,20.5,2.299999952316284,0:13:36,327852.78125,4689453.0,19.0,T
1675988016.572564,221,816,0,GPS1_Frame,42.33829879760742,-71.08969116210938,0.0,0.0,0:13:36,327852.78125,4689453.0,19.0,T
1675988017.296777,222,817,0,GPS1_Frame,42.338294982910156,-71.08970642089844,21.0,2.299999952316284,0:13:37,327851.25,4689452.5,19.0,T
1675988017.573689,223,817,0,GPS1_Frame,42.338294982910156,-71.08970642089844,0.0,0.0,0:13:37,327851.25,4689452.5,19.0,T
1675988018.2960556,224,818,0,GPS1_Frame,42.338294982910156,-71.08972930908203,21.5,2.299999952316284,0:13:38,327849.875,4689452.5,19.0,T
1675988018.5731883,225,818,0,GPS1_Frame,42.338294982910156,-71.08972930908203,0.0,0.0,0:13:38,327849.875,4689452.5,19.0,T
1675988019.2955592,226,819,0,GPS1_Frame,42.33829116821289,-71.0897445678711,22.299999237060547,2.299999952316284,0:13:39,327848.375,4689452.5,19.0,T
1675988019.5729394,227,819,0,GPS1_Frame,42.33829116821289,-71.0897445678711,0.0,0.0,0:13:39,327848.375,4689452.5,19.0,T
1675988020.3116279,228,820,0,GPS1_Frame,42.33829116821289,-71.08975982666016,23.100000381469727,2.299999952316284,0:13:40,327847.0,4689452.5,19.0,T
1675988021.0426586,229,820,0,GPS1_Frame,42.33829116821289,-71.08975982666016,0.0,0.0,0:13:40,327847.0,4689452.5,19.0,T
1675988021.3116586,230,821,0,GPS1_Frame,42.33829116821289,-71.08977508544922,23.899999618530273,2.299999952316284,0:13:41,327845.75,4689452.5,19.0,T
1675988021.5887442,231,821,0,GPS1_Frame,42.33829116821289,-71.08977508544922,0.0,0.0,0:13:41,327845.75,4689452.5,19.0,T
1675988022.29517,232,822,0,GPS1_Frame,42.338287353515625,-71.08979034423828,24.5,2.299999952316284,0:13:42,327844.5,4689452.0,19.0,T
1675988022.572451,233,822,0,GPS1_Frame,42.338287353515625,-71.08979034423828,0.0,0.0,0:13:42,327844.5,4689452.0,19.0,T
1675988023.3118124,234,823,0,GPS1_Frame,42.33828353881836,-71.08980560302734,25.0,2.299999952316284,0:13:43,327843.53125,4689452.0,19.0,T
1675988023.5893042,235,823,0,GPS1_Frame,42.33828353881836,-71.08980560302734,0.0,0.0,0:13:43,327843.53125,4689452.0,19.0,T
1675988024.311989,236,824,0,GPS1_Frame,42.33828353881836,-71.08981323242188,25.600000381469727,2.299999952316284,0:13:44,327842.84375,4689451.5,19.0,T
1675988024.5889795,237,824,0,GPS1_Frame,42.33828353881836,-71.08981323242188,0.0,0.0,0:13:44,327842.84375,4689451.5,19.0,T
1675988025.29488,238,825,0,GPS1_Frame,42.33828353881836,-71.08981323242188,26.100000381469727,2.299999952316284,0:13:45,327843.0,4689451.5,19.0,T
1675988026.026374,239,825,0,GPS1_Frame,42.33828353881836,-71.08981323242188,0.0,0.0,0:13:45,327843.0,4689451.5,19.0,T
1675988026.296807,240,826,0,GPS1_Frame,42.33828353881836,-71.08979797363281,26.899999618530273,2.299999952316284,0:13:46,327843.8125,4689451.5,19.0,T
1675988026.5734837,241,826,0,GPS1_Frame,42.33828353881836,-71.08979797363281,0.0,0.0,0:13:46,327843.8125,4689451.5,19.0,T
1675988027.2966392,242,827,0,GPS1_Frame,42.33828353881836,-71.08979034423828,27.0,2.299999952316284,0:13:47,327844.90625,4689451.5,19.0,T
1675988027.5731926,243,827,0,GPS1_Frame,42.33828353881836,-71.08979034423828,0.0,0.0,0:13:47,327844.90625,4689451.5,19.0,T
1675988028.2958248,244,828,0,GPS1_Frame,42.338287353515625,-71.08977508544922,27.100000381469727,2.299999952316284,0:13:48,327846.15625,4689452.0,19.0,T
1675988028.5728896,245,828,0,GPS1_Frame,42.338287353515625,-71.08977508544922,0.0,0.0,0:13:48,327846.15625,4689452.0,19.0,T
1675988029.2969558,246,829,0,GPS1_Frame,42.338287353515625,-71.08975219726562,27.600000381469727,2.299999952316284,0:13:49,327847.53125,4689452.0,19.0,T
1675988029.5716448,247,829,0,GPS1_Frame,42.338287353515625,-71.08975219726562,0.0,0.0,0:13:49,327847.53125,4689452.0,19.0,T
1675988030.2963018,248,830,0,GPS1_Frame,42.33829116821289,-71.08973693847656,28.0,2.299999952316284,0:13:50,327848.78125,4689452.5,19.0,T
1675988031.0250552,249,830,0,GPS1_Frame,42.33829116821289,-71.08973693847656,0.0,0.0,0:13:50,327848.78125,4689452.5,19.0,T
1675988031.2961357,250,831,0,GPS1_Frame,42.33829116821289,-71.0897216796875,28.0,2.299999952316284,0:13:51,327850.15625,4689452.5,19.0,T
1675988031.5714219,251,831,0,GPS1_Frame,42.33829116821289,-71.0897216796875,0.0,0.0,0:13:51,327850.15625,4689452.5,19.0,T
1675988032.312605,252,832,0,GPS1_Frame,42.33829116821289,-71.08970642089844,27.899999618530273,2.299999952316284,0:13:52,327851.53125,4689452.5,19.0,T
1675988032.5872781,253,832,0,GPS1_Frame,42.33829116821289,-71.08970642089844,0.0,0.0,0:13:52,327851.53125,4689452.5,19.0,T
1675988033.3121786,254,833,0,GPS1_Frame,42.338294982910156,-71.08969116210938,27.600000381469727,2.299999952316284,0:13:53,327852.90625,4689452.5,19.0,T
1675988033.5874844,255,833,0,GPS1_Frame,42.338294982910156,-71.08969116210938,0.0,0.0,0:13:53,327852.90625,4689452.5,19.0,T
1675988034.3116968,256,834,0,GPS1_Frame,42.338294982910156,-71.08967590332031,27.299999237060547,2.299999952316284,0:13:54,327854.15625,4689453.0,19.0,T
1675988034.5870376,257,834,0,GPS1_Frame,42.338294982910156,-71.08967590332031,0.0,0.0,0:13:54,327854.15625,4689453.0,19.0,T
1675988035.3127968,258,835,0,GPS1_Frame,42.33829879760742,-71.08966064453125,27.299999237060547,2.299999952316284,0:13:55,327855.25,4689453.0,19.0,T
1675988036.0417914,259,835,0,GPS1_Frame,42.33829879760742,-71.08966064453125,0.0,0.0,0:13:55,327855.25,4689453.0,19.0,T
1675988036.2966306,260,836,0,GPS1_Frame,42.33829879760742,-71.08964538574219,27.5,2.299999952316284,0:13:56,327856.34375,4689453.0,19.0,T
1675988036.571704,261,836,0,GPS1_Frame,42.33829879760742,-71.08964538574219,0.0,0.0,0:13:56,327856.34375,4689453.0,19.0,T
1675988037.296213,262,837,0,GPS1_Frame,42.33830261230469,-71.08963012695312,27.299999237060547,2.299999952316284,0:13:57,327857.59375,4689453.5,19.0,T
1675988037.5705173,263,837,0,GPS1_Frame,42.33830261230469,-71.08963012695312,0.0,0.0,0:13:57,327857.59375,4689453.5,19.0,T
1675988038.295783,264,838,0,GPS1_Frame,42.33830261230469,-71.08961486816406,27.299999237060547,2.299999952316284,0:13:58,327858.84375,4689453.5,19.0,T
1675988038.5711317,265,838,0,GPS1_Frame,42.33830261230469,-71.08961486816406,0.0,0.0,0:13:58,327858.84375,4689453.5,19.0,T
1675988039.2965374,266,839,0,GPS1_Frame,42.33830642700195,-71.089599609375,27.600000381469727,2.299999952316284,0:13:59,327860.0625,4689453.5,19.0,T
1675988039.571454,267,839,0,GPS1_Frame,42.33830642700195,-71.089599609375,0.0,0.0,0:13:59,327860.0625,4689453.5,19.0,T
1675988040.2960827,268,840,0,GPS1_Frame,42.33830642700195,-71.08959197998047,27.799999237060547,2.299999952316284,0:14:0,327861.1875,4689454.0,19.0,T
1675988041.0247202,269,840,0,GPS1_Frame,42.33830642700195,-71.08959197998047,0.0,0.0,0:14:0,327861.1875,4689454.0,19.0,T
1675988041.3133237,270,841,0,GPS1_Frame,42.33830642700195,-71.0895767211914,27.899999618530273,2.299999952316284,0:14:1,327862.28125,4689454.0,19.0,T
1675988041.5890281,271,841,0,GPS1_Frame,42.33830642700195,-71.0895767211914,0.0,0.0,0:14:1,327862.28125,4689454.0,19.0,T
1675988042.2964957,272,842,0,GPS1_Frame,42.33831024169922,-71.08956146240234,27.700000762939453,2.299999952316284,0:14:2,327863.53125,4689454.0,19.0,T
1675988042.5711133,273,842,0,GPS1_Frame,42.33831024169922,-71.08956146240234,0.0,0.0,0:14:2,327863.53125,4689454.0,19.0,T
1675988043.2967694,274,843,0,GPS1_Frame,42.338314056396484,-71.08954620361328,27.5,2.299999952316284,0:14:3,327864.625,4689454.5,19.0,T
1675988043.571665,275,843,0,GPS1_Frame,42.338314056396484,-71.08954620361328,0.0,0.0,0:14:3,327864.625,4689454.5,19.0,T
1675988044.313121,276,844,0,GPS1_Frame,42.338314056396484,-71.08953094482422,27.399999618530273,2.299999952316284,0:14:4,327865.875,4689454.5,19.0,T
1675988044.5886059,277,844,0,GPS1_Frame,42.338314056396484,-71.08953094482422,0.0,0.0,0:14:4,327865.875,4689454.5,19.0,T
1675988045.2968855,278,845,0,GPS1_Frame,42.33831787109375,-71.08951568603516,27.100000381469727,2.299999952316284,0:14:5,327867.25,4689454.5,19.0,T
1675988046.0256174,279,845,0,GPS1_Frame,42.33831787109375,-71.08951568603516,0.0,0.0,0:14:5,327867.25,4689454.5,19.0,T
1675988046.296557,280,846,0,GPS1_Frame,42.33831787109375,-71.0895004272461,26.799999237060547,2.299999952316284,0:14:6,327868.625,4689455.0,19.0,T
1675988046.5716603,281,846,0,GPS1_Frame,42.33831787109375,-71.0895004272461,0.0,0.0,0:14:6,327868.625,4689455.0,19.0,T
1675988047.2980013,282,847,0,GPS1_Frame,42.338321685791016,-71.08948516845703,26.399999618530273,2.299999952316284,0:14:7,327870.0,4689455.0,19.0,T
1675988047.5726917,283,847,0,GPS1_Frame,42.338321685791016,-71.08948516845703,0.0,0.0,0:14:7,327870.0,4689455.0,19.0,T
1675988048.2967677,284,848,0,GPS1_Frame,42.338321685791016,-71.08946990966797,26.299999237060547,2.299999952316284,0:14:8,327871.375,4689455.0,19.0,T
1675988048.5712306,285,848,0,GPS1_Frame,42.338321685791016,-71.08946990966797,0.0,0.0,0:14:8,327871.375,4689455.0,19.0,T
1675988049.295706,286,849,0,GPS1_Frame,42.338321685791016,-71.08944702148438,26.100000381469727,2.299999952316284,0:14:9,327872.875,4689455.0,19.0,T
1675988049.5703938,287,849,0,GPS1_Frame,42.338321685791016,-71.08944702148438,0.0,0.0,0:14:9,327872.875,4689455.0,19.0,T
1675988050.297135,288,850,0,GPS1_Frame,42.338321685791016,-71.08943176269531,26.0,2.299999952316284,0:14:10,327874.25,4689455.0,19.0,T
1675988051.0260563,289,850,0,GPS1_Frame,42.338321685791016,-71.08943176269531,0.0,0.0,0:14:10,327874.25,4689455.0,19.0,T
1675988051.2970986,290,851,0,GPS1_Frame,42.338321685791016,-71.08941650390625,26.0,2.299999952316284,0:14:11,327875.625,4689455.0,19.0,T
1675988051.5722568,291,851,0,GPS1_Frame,42.338321685791016,-71.08941650390625,0.0,0.0,0:14:11,327875.625,4689455.0,19.0,T
1675988052.297664,292,852,0,GPS1_Frame,42.338321685791016,-71.08939361572266,25.899999618530273,2.299999952316284,0:14:12,327877.15625,4689455.0,19.0,T
1675988052.572266,293,852,0,GPS1_Frame,42.338321685791016,-71.08939361572266,0.0,0.0,0:14:12,327877.15625,4689455.0,19.0,T
1675988053.2974267,294,853,0,GPS1_Frame,42.33832550048828,-71.0893783569336,25.899999618530273,2.299999952316284,0:14:13,327878.65625,4689455.5,19.0,T
1675988053.5719922,295,853,0,GPS1_Frame,42.33832550048828,-71.0893783569336,0.0,0.0,0:14:13,327878.65625,4689455.5,19.0,T
1675988054.2974045,296,854,0,GPS1_Frame,42.33832931518555,-71.08936309814453,25.799999237060547,2.299999952316284,0:14:14,327880.1875,4689455.5,19.0,T
1675988054.5724425,297,854,0,GPS1_Frame,42.33832931518555,-71.08936309814453,0.0,0.0,0:14:14,327880.1875,4689455.5,19.0,T
1675988055.2977238,298,855,0,GPS1_Frame,42.33832931518555,-71.08934020996094,25.799999237060547,2.299999952316284,0:14:15,327881.6875,4689456.0,19.0,T
1675988056.0266135,299,855,0,GPS1_Frame,42.33832931518555,-71.08934020996094,0.0,0.0,0:14:15,327881.6875,4689456.0,19.0,T
1675988056.2970188,300,856,0,GPS1_Frame,42.33833312988281,-71.08932495117188,25.799999237060547,2.299999952316284,0:14:16,327883.34375,4689456.0,19.0,T
1675988056.5722773,301,856,0,GPS1_Frame,42.33833312988281,-71.08932495117188,0.0,0.0,0:14:16,327883.34375,4689456.0,19.0,T
1675988057.2965589,302,857,0,GPS1_Frame,42.33833312988281,-71.08930206298828,25.600000381469727,2.299999952316284,0:14:17,327884.875,4689456.5,19.0,T
1675988057.5712512,303,857,0,GPS1_Frame,42.33833312988281,-71.08930206298828,0.0,0.0,0:14:17,327884.875,4689456.5,19.0,T
1675988058.297359,304,858,0,GPS1_Frame,42.33833694458008,-71.08928680419922,25.200000762939453,2.299999952316284,0:14:18,327886.375,4689456.5,19.0,T
1675988058.572293,305,858,0,GPS1_Frame,42.33833694458008,-71.08928680419922,0.0,0.0,0:14:18,327886.375,4689456.5,19.0,T
1675988059.298839,306,859,0,GPS1_Frame,42.338340759277344,-71.08926391601562,24.799999237060547,2.299999952316284,0:14:19,327887.90625,4689457.0,19.0,T
1675988059.5735471,307,859,0,GPS1_Frame,42.338340759277344,-71.08926391601562,0.0,0.0,0:14:19,327887.90625,4689457.0,19.0,T
1675988060.2974093,308,860,0,GPS1_Frame,42.33834457397461,-71.08924865722656,24.399999618530273,2.299999952316284,0:14:20,327889.4375,4689457.0,19.0,T
1675988061.0262842,309,860,0,GPS1_Frame,42.33834457397461,-71.08924865722656,0.0,0.0,0:14:20,327889.4375,4689457.0,19.0,T
1675988061.2976046,310,861,0,GPS1_Frame,42.338348388671875,-71.0892333984375,22.799999237060547,2.299999952316284,0:14:21,327890.96875,4689458.0,19.0,T
1675988061.57273,311,861,0,GPS1_Frame,42.338348388671875,-71.0892333984375,0.0,0.0,0:14:21,327890.96875,4689458.0,19.0,T
1675988062.2981532,312,862,0,GPS1_Frame,42.33836364746094,-71.0892105102539,19.299999237060547,2.299999952316284,0:14:22,327892.5,4689459.5,19.0,T
1675988062.5731714,313,862,0,GPS1_Frame,42.33836364746094,-71.0892105102539,0.0,0.0,0:14:22,327892.5,4689459.5,19.0,T
1675988063.297493,314,863,0,GPS1_Frame,42.33837127685547,-71.08919525146484,17.299999237060547,2.299999952316284,0:14:23,327893.90625,4689460.0,19.0,T
1675988063.57247,315,863,0,GPS1_Frame,42.33837127685547,-71.08919525146484,0.0,0.0,0:14:23,327893.90625,4689460.0,19.0,T
1675988064.2971392,316,864,0,GPS1_Frame,42.338375091552734,-71.08917999267578,17.0,2.299999952316284,0:14:24,327895.28125,4689460.5,19.0,T
1675988064.5718746,317,864,0,GPS1_Frame,42.338375091552734,-71.08917999267578,0.0,0.0,0:14:24,327895.28125,4689460.5,19.0,T
1675988065.297667,318,865,0,GPS1_Frame,42.338382720947266,-71.08916473388672,16.100000381469727,2.299999952316284,0:14:25,327896.6875,4689461.5,19.0,T
1675988066.026725,319,865,0,GPS1_Frame,42.338382720947266,-71.08916473388672,0.0,0.0,0:14:25,327896.6875,4689461.5,19.0,T
1675988066.2974398,320,866,0,GPS1_Frame,42.33838653564453,-71.08914184570312,15.5,2.299999952316284,0:14:26,327898.0625,4689462.0,19.0,T
1675988066.572308,321,866,0,GPS1_Frame,42.33838653564453,-71.08914184570312,0.0,0.0,0:14:26,327898.0625,4689462.0,19.0,T
1675988067.2976985,322,867,0,GPS1_Frame,42.33839797973633,-71.08912658691406,14.600000381469727,2.299999952316284,0:14:27,327899.46875,4689463.0,19.0,T
1675988067.5722895,323,867,0,GPS1_Frame,42.33839797973633,-71.08912658691406,0.0,0.0,0:14:27,327899.46875,4689463.0,19.0,T
1675988068.2984354,324,868,0,GPS1_Frame,42.33840560913086,-71.089111328125,13.899999618530273,2.299999952316284,0:14:28,327900.71875,4689463.5,19.0,T
1675988068.5734365,325,868,0,GPS1_Frame,42.33840560913086,-71.089111328125,0.0,0.0,0:14:28,327900.71875,4689463.5,19.0,T
1675988069.2988944,326,869,0,GPS1_Frame,42.33841323852539,-71.08910369873047,13.199999809265137,2.299999952316284,0:14:29,327901.71875,4689465.0,19.0,T
1675988069.5736735,327,869,0,GPS1_Frame,42.33841323852539,-71.08910369873047,0.0,0.0,0:14:29,327901.71875,4689465.0,19.0,T
1675988070.3151667,328,870,0,GPS1_Frame,42.33842849731445,-71.0890884399414,12.600000381469727,2.299999952316284,0:14:30,327902.6875,4689466.0,19.0,T
1675988071.044134,329,870,0,GPS1_Frame,42.33842849731445,-71.0890884399414,0.0,0.0,0:14:30,327902.6875,4689466.0,19.0,T
1675988071.313975,330,871,0,GPS1_Frame,42.33843994140625,-71.08907318115234,12.199999809265137,2.299999952316284,0:14:31,327903.8125,4689467.5,19.0,T
1675988071.589047,331,871,0,GPS1_Frame,42.33843994140625,-71.08907318115234,0.0,0.0,0:14:31,327903.8125,4689467.5,19.0,T
1675988072.3152692,332,872,0,GPS1_Frame,42.33844757080078,-71.08906555175781,11.899999618530273,2.299999952316284,0:14:32,327904.8125,4689468.5,19.0,T
1675988072.590113,333,872,0,GPS1_Frame,42.33844757080078,-71.08906555175781,0.0,0.0,0:14:32,327904.8125,4689468.5,19.0,T
1675988073.3152852,334,873,0,GPS1_Frame,42.33845901489258,-71.08905029296875,11.600000381469727,2.299999952316284,0:14:33,327905.8125,4689469.5,19.0,T
1675988073.5902565,335,873,0,GPS1_Frame,42.33845901489258,-71.08905029296875,0.0,0.0,0:14:33,327905.8125,4689469.5,19.0,T
1675988074.314224,336,874,0,GPS1_Frame,42.33846664428711,-71.08904266357422,11.399999618530273,2.299999952316284,0:14:34,327906.9375,4689470.5,19.0,T
1675988074.5886395,337,874,0,GPS1_Frame,42.33846664428711,-71.08904266357422,0.0,0.0,0:14:34,327906.9375,4689470.5,19.0,T
1675988075.297844,338,875,0,GPS1_Frame,42.338478088378906,-71.08902740478516,11.199999809265137,2.299999952316284,0:14:35,327908.0625,4689471.5,19.0,T
1675988076.0263827,339,875,0,GPS1_Frame,42.338478088378906,-71.08902740478516,0.0,0.0,0:14:35,327908.0625,4689471.5,19.0,T
1675988076.2978742,340,876,0,GPS1_Frame,42.3384895324707,-71.0890121459961,11.0,2.299999952316284,0:14:36,327909.3125,4689473.0,19.0,T
1675988076.573223,341,876,0,GPS1_Frame,42.3384895324707,-71.0890121459961,0.0,0.0,0:14:36,327909.3125,4689473.0,19.0,T
1675988077.298325,342,877,0,GPS1_Frame,42.338497161865234,-71.08899688720703,10.899999618530273,2.299999952316284,0:14:37,327910.4375,4689474.0,19.0,T
1675988077.5727108,343,877,0,GPS1_Frame,42.338497161865234,-71.08899688720703,0.0,0.0,0:14:37,327910.4375,4689474.0,19.0,T
1675988078.2979405,344,878,0,GPS1_Frame,42.33850860595703,-71.08898162841797,10.699999809265137,2.299999952316284,0:14:38,327911.5625,4689475.0,19.0,T
1675988078.572817,345,878,0,GPS1_Frame,42.33850860595703,-71.08898162841797,0.0,0.0,0:14:38,327911.5625,4689475.0,19.0,T
1675988079.2989995,346,879,0,GPS1_Frame,42.33852005004883,-71.08897399902344,10.600000381469727,2.299999952316284,0:14:39,327912.6875,4689476.0,19.0,T
1675988079.5736828,347,879,0,GPS1_Frame,42.33852005004883,-71.08897399902344,0.0,0.0,0:14:39,327912.6875,4689476.0,19.0,T
1675988080.2984884,348,880,0,GPS1_Frame,42.338531494140625,-71.08895874023438,10.699999809265137,2.299999952316284,0:14:40,327913.8125,4689477.5,19.0,T
1675988081.0274034,349,880,0,GPS1_Frame,42.338531494140625,-71.08895874023438,0.0,0.0,0:14:40,327913.8125,4689477.5,19.0,T
1675988081.298185,350,881,0,GPS1_Frame,42.33854293823242,-71.08894348144531,10.899999618530273,2.299999952316284,0:14:41,327915.21875,4689478.5,19.0,T
1675988081.573476,351,881,0,GPS1_Frame,42.33854293823242,-71.08894348144531,0.0,0.0,0:14:41,327915.21875,4689478.5,19.0,T
1675988082.3155472,352,882,0,GPS1_Frame,42.33855056762695,-71.08892822265625,11.0,2.299999952316284,0:14:42,327916.5,4689479.5,19.0,T
1675988082.5906591,353,882,0,GPS1_Frame,42.33855056762695,-71.08892822265625,0.0,0.0,0:14:42,327916.5,4689479.5,19.0,T
1675988083.3160708,354,883,0,GPS1_Frame,42.33856201171875,-71.08891296386719,11.199999809265137,2.299999952316284,0:14:43,327917.90625,4689480.5,19.0,T
1675988083.59095,355,883,0,GPS1_Frame,42.33856201171875,-71.08891296386719,0.0,0.0,0:14:43,327917.90625,4689480.5,19.0,T
1675988084.3156476,356,884,0,GPS1_Frame,42.33857345581055,-71.08889770507812,11.399999618530273,2.299999952316284,0:14:44,327919.15625,4689482.0,19.0,T
1675988084.5905015,357,884,0,GPS1_Frame,42.33857345581055,-71.08889770507812,0.0,0.0,0:14:44,327919.15625,4689482.0,19.0,T
1675988085.3155327,358,885,0,GPS1_Frame,42.33858108520508,-71.08887481689453,11.600000381469727,2.299999952316284,0:14:45,327920.5625,4689483.0,19.0,T
1675988086.0443432,359,885,0,GPS1_Frame,42.33858108520508,-71.08887481689453,0.0,0.0,0:14:45,327920.5625,4689483.0,19.0,T
1675988086.2992797,360,886,0,GPS1_Frame,42.33858871459961,-71.08885955810547,11.699999809265137,2.299999952316284,0:14:46,327921.9375,4689483.5,19.0,T
1675988086.5742023,361,886,0,GPS1_Frame,42.33858871459961,-71.08885955810547,0.0,0.0,0:14:46,327921.9375,4689483.5,19.0,T
1675988087.299251,362,887,0,GPS1_Frame,42.33859634399414,-71.0888442993164,11.899999618530273,2.299999952316284,0:14:47,327923.34375,4689484.5,19.0,T
1675988087.5741327,363,887,0,GPS1_Frame,42.33859634399414,-71.0888442993164,0.0,0.0,0:14:47,327923.34375,4689484.5,19.0,T
1675988088.296934,364,888,0,GPS1_Frame,42.338600158691406,-71.08882904052734,11.899999618530273,2.299999952316284,0:14:48,327924.59375,4689485.0,19.0,T
1675988088.5724692,365,888,0,GPS1_Frame,42.338600158691406,-71.08882904052734,0.0,0.0,0:14:48,327924.59375,4689485.0,19.0,T
1675988089.2981863,366,889,0,GPS1_Frame,42.33860778808594,-71.08881378173828,12.0,2.299999952316284,0:14:49,327925.84375,4689485.5,19.0,T
1675988089.5730171,367,889,0,GPS1_Frame,42.33860778808594,-71.08881378173828,0.0,0.0,0:14:49,327925.84375,4689485.5,19.0,T
1675988090.2984874,368,890,0,GPS1_Frame,42.33861541748047,-71.08879852294922,12.300000190734863,2.299999952316284,0:14:50,327926.96875,4689486.5,19.0,T
1675988091.0272102,369,890,0,GPS1_Frame,42.33861541748047,-71.08879852294922,0.0,0.0,0:14:50,327926.96875,4689486.5,19.0,T
1675988091.3152142,370,891,0,GPS1_Frame,42.338626861572266,-71.08879089355469,12.399999618530273,2.299999952316284,0:14:51,327928.09375,4689487.5,19.0,T
1675988091.5896518,371,891,0,GPS1_Frame,42.338626861572266,-71.08879089355469,0.0,0.0,0:14:51,327928.09375,4689487.5,19.0,T
1675988092.3002818,372,892,0,GPS1_Frame,42.3386344909668,-71.08877563476562,12.600000381469727,2.299999952316284,0:14:52,327929.34375,4689488.5,19.0,T
1675988092.575487,373,892,0,GPS1_Frame,42.3386344909668,-71.08877563476562,0.0,0.0,0:14:52,327929.34375,4689488.5,19.0,T
1675988093.2995837,374,893,0,GPS1_Frame,42.33863830566406,-71.08876037597656,12.600000381469727,2.299999952316284,0:14:53,327930.75,4689489.0,19.0,T
1675988093.5749288,375,893,0,GPS1_Frame,42.33863830566406,-71.08876037597656,0.0,0.0,0:14:53,327930.75,4689489.0,19.0,T
1675988094.3163397,376,894,0,GPS1_Frame,42.338645935058594,-71.08873748779297,12.800000190734863,2.299999952316284,0:14:54,327932.125,4689490.0,19.0,T
1675988094.5905604,377,894,0,GPS1_Frame,42.338645935058594,-71.08873748779297,0.0,0.0,0:14:54,327932.125,4689490.0,19.0,T
1675988095.2997546,378,895,0,GPS1_Frame,42.33865737915039,-71.0887222290039,13.399999618530273,2.299999952316284,0:14:55,327933.40625,4689491.0,19.0,T
1675988096.0288203,379,895,0,GPS1_Frame,42.33865737915039,-71.0887222290039,0.0,0.0,0:14:55,327933.40625,4689491.0,19.0,T
1675988096.3001897,380,896,0,GPS1_Frame,42.33866500854492,-71.08870697021484,13.800000190734863,2.299999952316284,0:14:56,327934.9375,4689492.0,19.0,T
1675988096.5745666,381,896,0,GPS1_Frame,42.33866500854492,-71.08870697021484,0.0,0.0,0:14:56,327934.9375,4689492.0,19.0,T
1675988097.2992005,382,897,0,GPS1_Frame,42.33867263793945,-71.08869171142578,14.0,2.299999952316284,0:14:57,327936.46875,4689492.5,19.0,T
1675988097.5741243,383,897,0,GPS1_Frame,42.33867263793945,-71.08869171142578,0.0,0.0,0:14:57,327936.46875,4689492.5,19.0,T
1675988098.2998652,384,898,0,GPS1_Frame,42.338680267333984,-71.08866882324219,14.199999809265137,2.299999952316284,0:14:58,327937.84375,4689493.5,19.0,T
1675988098.574665,385,898,0,GPS1_Frame,42.338680267333984,-71.08866882324219,0.0,0.0,0:14:58,327937.84375,4689493.5,19.0,T
1675988099.2992258,386,899,0,GPS1_Frame,42.33868408203125,-71.08865356445312,14.100000381469727,2.299999952316284,0:14:59,327939.375,4689493.5,19.0,T
1675988099.5742478,387,899,0,GPS1_Frame,42.33868408203125,-71.08865356445312,0.0,0.0,0:14:59,327939.375,4689493.5,19.0,T
1675988100.2983766,388,900,0,GPS1_Frame,42.338687896728516,-71.08863830566406,14.199999809265137,2.299999952316284,0:15:0,327940.90625,4689494.0,19.0,T
1675988101.0276477,389,900,0,GPS1_Frame,42.338687896728516,-71.08863830566406,0.0,0.0,0:15:0,327940.90625,4689494.0,19.0,T
1675988101.2990282,390,901,0,GPS1_Frame,42.338680267333984,-71.08861541748047,13.5,2.299999952316284,0:15:1,327942.53125,4689493.5,19.0,T
1675988101.5739954,391,901,0,GPS1_Frame,42.338680267333984,-71.08861541748047,0.0,0.0,0:15:1,327942.53125,4689493.5,19.0,T
1675988102.2992892,392,902,0,GPS1_Frame,42.33867645263672,-71.08859252929688,12.800000190734863,2.299999952316284,0:15:2,327944.15625,4689493.0,19.0,T
1675988102.574288,393,902,0,GPS1_Frame,42.33867645263672,-71.08859252929688,0.0,0.0,0:15:2,327944.15625,4689493.0,19.0,T
1675988103.2989836,394,903,0,GPS1_Frame,42.33867645263672,-71.08857727050781,12.699999809265137,2.299999952316284,0:15:3,327945.8125,4689493.0,19.0,T
1675988103.5743055,395,903,0,GPS1_Frame,42.33867645263672,-71.08857727050781,0.0,0.0,0:15:3,327945.8125,4689493.0,19.0,T
1675988104.2986805,396,904,0,GPS1_Frame,42.33867645263672,-71.08855438232422,12.5,2.299999952316284,0:15:4,327947.46875,4689493.0,19.0,T
1675988104.5739548,397,904,0,GPS1_Frame,42.33867645263672,-71.08855438232422,0.0,0.0,0:15:4,327947.46875,4689493.0,19.0,T
1675988105.2990868,398,905,0,GPS1_Frame,42.33867645263672,-71.08853149414062,12.399999618530273,2.299999952316284,0:15:5,327949.09375,4689493.0,19.0,T
1675988106.0276225,399,905,0,GPS1_Frame,42.33867645263672,-71.08853149414062,0.0,0.0,0:15:5,327949.09375,4689493.0,19.0,T
1675988106.2995965,400,906,0,GPS1_Frame,42.338680267333984,-71.08851623535156,12.300000190734863,2.299999952316284,0:15:6,327950.625,4689493.0,19.0,T
1675988106.574603,401,906,0,GPS1_Frame,42.338680267333984,-71.08851623535156,0.0,0.0,0:15:6,327950.625,4689493.0,19.0,T
1675988107.2999566,402,907,0,GPS1_Frame,42.33868408203125,-71.08849334716797,12.199999809265137,2.299999952316284,0:15:7,327952.28125,4689493.5,19.0,T
1675988107.5748763,403,907,0,GPS1_Frame,42.33868408203125,-71.08849334716797,0.0,0.0,0:15:7,327952.28125,4689493.5,19.0,T
1675988108.299127,404,908,0,GPS1_Frame,42.338687896728516,-71.0884780883789,12.199999809265137,2.299999952316284,0:15:8,327953.78125,4689493.5,19.0,T
1675988108.5741675,405,908,0,GPS1_Frame,42.338687896728516,-71.0884780883789,0.0,0.0,0:15:8,327953.78125,4689493.5,19.0,T
1675988109.300331,406,909,0,GPS1_Frame,42.33869171142578,-71.08845520019531,12.199999809265137,2.299999952316284,0:15:9,327955.4375,4689494.0,19.0,T
1675988109.5751004,407,909,0,GPS1_Frame,42.33869171142578,-71.08845520019531,0.0,0.0,0:15:9,327955.4375,4689494.0,19.0,T
1675988110.2995381,408,910,0,GPS1_Frame,42.33869552612305,-71.08843994140625,12.399999618530273,2.299999952316284,0:15:10,327956.96875,4689494.5,19.0,T
1675988111.0286205,409,910,0,GPS1_Frame,42.33869552612305,-71.08843994140625,0.0,0.0,0:15:10,327956.96875,4689494.5,19.0,T
1675988111.299637,410,911,0,GPS1_Frame,42.33869934082031,-71.08842468261719,12.600000381469727,2.299999952316284,0:15:11,327958.5,4689495.0,19.0,T
1675988111.5746439,411,911,0,GPS1_Frame,42.33869934082031,-71.08842468261719,0.0,0.0,0:15:11,327958.5,4689495.0,19.0,T
1675988112.3038316,412,912,0,GPS1_Frame,42.33870315551758,-71.0884017944336,12.800000190734863,2.299999952316284,0:15:12,327959.875,4689495.5,19.0,T
1675988112.5787826,413,912,0,GPS1_Frame,42.33870315551758,-71.0884017944336,0.0,0.0,0:15:12,327959.875,4689495.5,19.0,T
1675988113.3006282,414,913,0,GPS1_Frame,42.33871078491211,-71.08838653564453,12.899999618530273,2.299999952316284,0:15:13,327961.40625,4689496.5,19.0,T
1675988113.5759423,415,913,0,GPS1_Frame,42.33871078491211,-71.08838653564453,0.0,0.0,0:15:13,327961.40625,4689496.5,19.0,T
1675988114.3001206,416,914,0,GPS1_Frame,42.33871841430664,-71.08837127685547,13.0,2.299999952316284,0:15:14,327962.8125,4689497.0,19.0,T
1675988114.5751104,417,914,0,GPS1_Frame,42.33871841430664,-71.08837127685547,0.0,0.0,0:15:14,327962.8125,4689497.0,19.0,T
1675988115.3006039,418,915,0,GPS1_Frame,42.338722229003906,-71.08834838867188,13.0,2.299999952316284,0:15:15,327964.34375,4689497.5,19.0,T
1675988116.0295253,419,915,0,GPS1_Frame,42.338722229003906,-71.08834838867188,0.0,0.0,0:15:15,327964.34375,4689497.5,19.0,T
1675988116.3005953,420,916,0,GPS1_Frame,42.33872985839844,-71.08833312988281,13.0,2.299999952316284,0:15:16,327965.71875,4689498.0,19.0,T
1675988116.575024,421,916,0,GPS1_Frame,42.33872985839844,-71.08833312988281,0.0,0.0,0:15:16,327965.71875,4689498.0,19.0,T
1675988117.3000944,422,917,0,GPS1_Frame,42.3387336730957,-71.08831787109375,13.0,2.299999952316284,0:15:17,327967.25,4689498.5,19.0,T
1675988117.5754945,423,917,0,GPS1_Frame,42.3387336730957,-71.08831787109375,0.0,0.0,0:15:17,327967.25,4689498.5,19.0,T
1675988118.3011467,424,918,0,GPS1_Frame,42.33873748779297,-71.08830261230469,13.0,2.299999952316284,0:15:18,327968.625,4689499.0,19.0,T
1675988118.575958,425,918,0,GPS1_Frame,42.33873748779297,-71.08830261230469,0.0,0.0,0:15:18,327968.625,4689499.0,19.0,T
1675988119.301657,426,919,0,GPS1_Frame,42.338741302490234,-71.0882797241211,13.0,2.299999952316284,0:15:19,327970.0,4689499.5,19.0,T
1675988119.5764873,427,919,0,GPS1_Frame,42.338741302490234,-71.0882797241211,0.0,0.0,0:15:19,327970.0,4689499.5,19.0,T
1675988120.3164892,428,920,0,GPS1_Frame,42.3387451171875,-71.08826446533203,13.0,2.299999952316284,0:15:20,327971.53125,4689500.0,19.0,T
1675988121.0453026,429,920,0,GPS1_Frame,42.3387451171875,-71.08826446533203,0.0,0.0,0:15:20,327971.53125,4689500.0,19.0,T
1675988121.302261,430,921,0,GPS1_Frame,42.338748931884766,-71.08824920654297,12.899999618530273,2.299999952316284,0:15:21,327972.90625,4689500.5,19.0,T
1675988121.577288,431,921,0,GPS1_Frame,42.338748931884766,-71.08824920654297,0.0,0.0,0:15:21,327972.90625,4689500.5,19.0,T
1675988122.316475,432,922,0,GPS1_Frame,42.3387565612793,-71.08822631835938,12.899999618530273,2.299999952316284,0:15:22,327974.4375,4689501.0,19.0,T
1675988122.59202,433,922,0,GPS1_Frame,42.3387565612793,-71.08822631835938,0.0,0.0,0:15:22,327974.4375,4689501.0,19.0,T
1675988123.3158963,434,923,0,GPS1_Frame,42.33876037597656,-71.08821105957031,12.899999618530273,2.299999952316284,0:15:23,327975.8125,4689501.5,19.0,T
1675988123.5910401,435,923,0,GPS1_Frame,42.33876037597656,-71.08821105957031,0.0,0.0,0:15:23,327975.8125,4689501.5,19.0,T
1675988124.3163507,436,924,0,GPS1_Frame,42.33876419067383,-71.08819580078125,12.899999618530273,2.299999952316284,0:15:24,327977.0625,4689501.5,19.0,T
1675988124.591068,437,924,0,GPS1_Frame,42.33876419067383,-71.08819580078125,0.0,0.0,0:15:24,327977.0625,4689501.5,19.0,T
1675988125.3007786,438,925,0,GPS1_Frame,42.338768005371094,-71.08818054199219,12.899999618530273,2.299999952316284,0:15:25,327978.46875,4689502.0,19.0,T
1675988126.029264,439,925,0,GPS1_Frame,42.338768005371094,-71.08818054199219,0.0,0.0,0:15:25,327978.46875,4689502.0,19.0,T
1675988126.3021543,440,926,0,GPS1_Frame,42.33877182006836,-71.08816528320312,12.800000190734863,2.299999952316284,0:15:26,327979.71875,4689502.5,19.0,T
1675988126.5768986,441,926,0,GPS1_Frame,42.33877182006836,-71.08816528320312,0.0,0.0,0:15:26,327979.71875,4689502.5,19.0,T
1675988127.300785,442,927,0,GPS1_Frame,42.338783264160156,-71.08815002441406,13.100000381469727,2.299999952316284,0:15:27,327980.96875,4689504.0,19.0,T
1675988127.5759199,443,927,0,GPS1_Frame,42.338783264160156,-71.08815002441406,0.0,0.0,0:15:27,327980.96875,4689504.0,19.0,T
1675988128.3005495,444,928,0,GPS1_Frame,42.33879470825195,-71.088134765625,13.399999618530273,2.299999952316284,0:15:28,327982.25,4689505.0,19.0,T
1675988128.5755847,445,928,0,GPS1_Frame,42.33879470825195,-71.088134765625,0.0,0.0,0:15:28,327982.25,4689505.0,19.0,T
1675988129.3010182,446,929,0,GPS1_Frame,42.33879852294922,-71.08812713623047,13.399999618530273,2.299999952316284,0:15:29,327983.34375,4689505.5,19.0,T
1675988129.575445,447,929,0,GPS1_Frame,42.33879852294922,-71.08812713623047,0.0,0.0,0:15:29,327983.34375,4689505.5,19.0,T
1675988130.3012881,448,930,0,GPS1_Frame,42.338802337646484,-71.0881118774414,13.5,2.299999952316284,0:15:30,327984.46875,4689505.5,19.0,T
1675988131.0302114,449,930,0,GPS1_Frame,42.338802337646484,-71.0881118774414,0.0,0.0,0:15:30,327984.46875,4689505.5,19.0,T
1675988131.3029366,450,931,0,GPS1_Frame,42.338802337646484,-71.08810424804688,13.600000381469727,2.299999952316284,0:15:31,327985.0,4689506.0,19.0,T
1675988131.5774496,451,931,0,GPS1_Frame,42.338802337646484,-71.08810424804688,0.0,0.0,0:15:31,327985.0,4689506.0,19.0,T
